date,yt_pred_trend,yt_true,yt_pred_trend_month,yt_pred_trend_sincos,yt_pred_ar,yt_pred_ar_d1d12,yt_pred_mlp,yt_pred_mlp_d1d12,yt_pred_sarima
1946-01-01,1565.1031946678925,890,1095.0250000000003,1037.849494925637,,,,,
1946-02-01,1575.7755987028147,992,1077.3934210526313,1141.508770250461,,,,,
1946-03-01,1586.4480027377372,979,1214.0776315789467,1175.3315279815229,,,,,
1946-04-01,1597.1204067726594,959,1322.1302631578942,1314.3866779007922,,,,,
1946-05-01,1607.792810807582,1110,1385.0249999999992,1452.3128203793424,,,,,
1946-06-01,1618.465214842504,1546,1539.4986842105254,1419.9578897547,,,,,
1946-07-01,1629.1376188774266,1539,1929.7092105263152,2084.601553405486,,,,,
1946-08-01,1639.8100229123488,3401,3034.4986842105263,2875.0196150109105,,,,,
1946-09-01,1650.4824269472713,2092,2284.709210526315,2421.1721519285466,,,,,
1946-10-01,1661.1548309821935,1436,1815.6565789473673,1728.036444202685,,,,,
1946-11-01,1671.827235017116,1301,1636.1302631578938,1666.5592805833594,,,,,
1946-12-01,1682.4996390520382,1287,1397.6039473684204,1421.7810218224613,,,,,
1947-01-01,1693.172043086961,1488,1220.8175438596495,1163.5766744018688,,,,,
1947-02-01,1703.844447121883,1517,1203.1859649122805,1267.235949726693,1402.8166816749067,,1312.4474698372032,,1606.81656643616
1947-03-01,1714.5168511568054,1707,1339.870175438596,1301.0587074577547,1402.7793592757475,,1356.444993226339,,1544.4968152238073
1947-04-01,1725.1892551917276,1729,1447.9228070175434,1440.113857377024,1532.8738143112334,,1499.5748577872416,,1624.6431310649486
1947-05-01,1735.86165922665,1788,1510.8175438596484,1578.0399998555745,1727.1999684583127,,1669.739382305395,,1818.2028287804699
1947-06-01,1746.5340632615723,2008,1665.2912280701744,1545.685069230932,1827.368393535579,,1795.735308604626,,2215.3433404528178
1947-07-01,1757.2064672964948,2203,2055.5017543859644,2210.3287328817178,2078.429787322674,,2011.5146863521231,,2141.9695412611663
1947-08-01,1767.878871331417,3713,3160.2912280701757,3000.7467944871423,3415.64719435883,,3478.19292417763,,3940.530748142012
1947-09-01,1778.5512753663393,2946,2410.501754385964,2546.8993314047784,2535.7902195828233,,2431.1287521514614,,2601.28114024452
1947-10-01,1789.2236794012615,2082,1941.4491228070165,1853.763623678917,2198.376099982098,,2154.3902113543936,,2144.886128934739
1947-11-01,1799.8960834361842,2033,1761.922807017543,1792.2864600595913,1757.0885564529185,,1755.728672961856,,1943.0009408782064
1947-12-01,1810.5684874711064,1937,1523.3964912280694,1547.5082012986932,1813.2630389036472,,1782.6012680651645,,1961.903595836709
1948-01-01,1821.240891506029,1711,1346.6100877192985,1289.3038538781009,1887.6214814190964,,1878.1515543722528,,2166.5931215734163
1948-02-01,1831.9132955409511,1775,1328.9785087719297,1392.9631292029246,1709.6175151430948,,1667.900244336931,,1976.7647817812533
1948-03-01,1842.5856995758736,1902,1465.662719298245,1426.7858869339864,1910.4467806578552,1972.255844928933,1890.3931472601157,1966.567639901372,1998.4494794523064
1948-04-01,1853.258103610796,1846,1573.7153508771926,1565.841036853256,1958.6677403245312,1965.2077776186552,1968.283273737777,1939.5692477560128,1977.1471765899569
1948-05-01,1863.930507645718,2083,1636.6100877192976,1703.767179331806,1975.7386388341135,2015.5355067383653,1965.9584516553207,2003.309293764817,2030.025916159419
1948-06-01,1874.6029116806403,2262,1791.0837719298236,1671.4122487071638,2140.101890981742,2424.4744858631075,2112.170820436601,2400.7125834004455,2389.4343182569587
1948-07-01,1885.2753157155628,2193,2181.2942982456134,2336.0559123579496,2529.071792793937,2359.0735418264676,2504.811476325259,2336.05438840271,2436.402221722857
1948-08-01,1895.9477197504852,3792,3286.0837719298247,3126.473973963374,3429.2858136332775,3968.0454167379567,3520.367986919532,3958.60258518069,3962.068562976586
1948-09-01,1906.6201237854077,2343,2536.2942982456134,2672.6265108810103,3101.9499670328446,2808.073884261493,3038.2690331188614,2788.2757481685385,2907.115909636389
1948-10-01,1917.29252782033,2313,2067.2416666666654,1979.4908031551488,1960.2261897717804,1778.0672838479368,2013.686789842691,1765.5711676230358,1903.6123268903066
1948-11-01,1927.964931855252,2179,1887.715350877192,1918.0136395358231,2189.35777056329,2014.340903926257,2190.5608445417374,1993.009898867857,2053.193441727737
1948-12-01,1938.6373358901749,1975,1649.1890350877186,1673.235380774925,2094.442123615141,2064.639740338306,2098.155992597248,2039.4413078503069,2021.0895105553084
1949-01-01,1949.309739925097,1880,1472.4026315789476,1415.0310333543323,1803.003531862115,1946.737616686485,1817.1997182924424,1941.716070378568,1981.4894362645632
1949-02-01,1959.9821439600191,1930,1454.7710526315789,1518.6903086791565,1940.911985754571,1920.0382763384189,1898.1875416506543,1910.1246676003277,1995.0830131435303
1949-03-01,1970.6545479949416,2060,1591.455263157894,1552.5130664102182,2035.888428006364,1982.7815379669228,2039.4977843869417,1975.0449780625077,2075.5336121955543
1949-04-01,1981.326952029864,1843,1699.5078947368418,1691.5682163294878,2067.3833842738923,2044.2205330800784,2068.5448737528695,2058.2883553159472,2057.382030759738
1949-05-01,1991.9993560647863,2052,1762.4026315789467,1829.494358808038,2155.5914843890087,2085.3814693783934,2158.1932372805063,2080.2984440681075,2109.5154282111166
1949-06-01,2002.6717600997083,2039,1916.8763157894728,1797.1394281833957,2151.5596138498167,2220.6510949977437,2157.243060868802,2223.6610627767423,2369.9792628950063
1949-07-01,2013.344164134631,2351,2307.086842105263,2461.7830918341815,2325.236606548572,2249.044692701502,2318.8092394573914,2241.974167982852,2265.1037045423345
1949-08-01,2024.0165681695537,3394,3411.8763157894737,3252.201153439606,3493.672677097835,3762.607581117477,3572.2621971961885,3752.073572263968,3954.6634964644236
1949-09-01,2034.6889722044757,3581,2662.086842105263,2798.3536903572417,2422.2686478035544,2548.4353384914266,2354.3108285034514,2558.178703528476,2525.2654110196145
1949-10-01,2045.361376239398,2489,2193.034210526315,2105.2179826313804,3180.195879391829,2640.605934145344,3125.18292212265,2717.8051831455787,2585.0034168147627
1949-11-01,2056.0337802743206,2468,2013.507894736841,2043.740819012055,2363.226279505303,2469.6987478975752,2401.226746901098,2485.115805020725,2345.715162535058
1949-12-01,2066.706184309243,2134,1774.9815789473678,1798.962560251157,2209.3127086122713,2226.1934964846605,2208.089202104463,2248.396703716997,2282.021758195172
1950-01-01,2077.378588344165,1903,1598.1951754385968,1540.7582128305642,2036.4675388008152,2046.4588016074367,2054.4669146577903,2053.460557881576,2161.4629471179696
1950-02-01,2088.0509923790873,1719,1580.563596491228,1644.4174881553884,1980.094901557159,1992.4703447260513,1973.7491944654623,1996.7921432373712,2104.541682602308
1950-03-01,2098.7233964140096,1617,1717.2478070175434,1678.24024588645,1935.7350711570596,2074.5844593709207,1942.7756736038089,2094.835897987441,2053.750575056946
1950-04-01,2109.3958004489323,1818,1825.300438596491,1817.2953958057196,1720.3465781239072,1683.141804259445,1755.5945572205376,1652.031606391401,1804.0559946918677
1950-05-01,2120.0682044838545,2067,1888.195175438596,1955.2215382842696,2092.493957934135,1980.5450024229012,2098.9158565486364,1982.009039619568,2023.1201295358594
1950-06-01,2130.7406085187768,2457,2042.668859649122,1922.866607659627,2106.8373751606196,2195.6997235199233,2082.259889338377,2193.771930804681,2234.445917750401
1950-07-01,2141.413012553699,2600,2432.879385964912,2587.510271310414,2679.670011793076,2317.670010183856,2648.5290701903923,2325.0569563142044,2462.1784332831453
1950-08-01,2152.0854165886212,3530,3537.668859649123,3377.928332915838,3473.376487554081,3950.114521213786,3510.5407161861285,3952.5659434934737,3955.026543737098
1950-09-01,2162.757820623544,2693,2787.879385964912,2924.0808698334736,3569.810339203092,2955.789534250798,3577.727446456687,3001.990464406701,2981.804285549114
1950-10-01,2173.430224658466,2448,2318.826754385964,2230.9451621076123,2211.149224149698,2185.3620439955557,2254.7849139164496,2204.732127687622,2208.016204558887
1950-11-01,2184.1026286933884,2250,2139.3004385964905,2169.467998488287,2429.1801570601497,2356.6332822085787,2460.1514776082613,2349.971037876492,2268.38188987038
1950-12-01,2194.775032728311,1972,1900.774122807017,1924.6897397273883,2089.598945553063,2083.9272758649695,2108.0068341835376,2076.165770939917,2061.011525589591
1951-01-01,2205.4474367632333,1682,1723.987719298246,1666.485392306796,1869.797791223339,1834.4339849892567,1892.3038029195625,1822.463580468848,1917.3163925479248
1951-02-01,2216.1198407981556,1730,1706.3561403508772,1770.1446676316202,1657.0241979921586,1632.151266373403,1651.5120426899998,1620.016618636494,1804.858575160925
1951-03-01,2226.792244833078,1814,1843.0403508771924,1803.967425362682,1730.1739634350545,1650.0431531642243,1722.477620170887,1639.741652500165,1844.3440857304618
1951-04-01,2237.464648868,1900,1951.09298245614,1943.0225752819515,2007.352495275004,1735.5211881898465,2008.342871543344,1745.4290273448682,1836.9464933381082
1951-05-01,2248.1370529029227,2051,2013.987719298245,2080.9487177605015,2190.7050478484166,2059.432309280204,2179.831647662037,2069.610175331336,2061.822437791333
1951-06-01,2258.809456937845,2290,2168.461403508771,2048.593787135859,2390.5259078684285,2243.0639720915124,2400.599241981464,2254.1809738183783,2291.6264742884755
1951-07-01,2269.481860972767,2599,2558.6719298245607,2713.2374507866452,2635.4574637614987,2505.690404479523,2641.58224913368,2501.9741710324397,2420.450538495134
1951-08-01,2280.15426500769,3428,3663.461403508773,3503.65551239207,3330.8509801207715,3447.2218188010147,3384.8170909794594,3452.464345821003,3813.6721892721334
1951-09-01,2290.826669042612,2262,2913.6719298245607,3049.8080493097054,2814.687512179961,3216.806776688809,2773.541338310861,3230.84692958922,2837.2528586286408
1951-10-01,2301.4990730775344,2242,2444.619298245613,2356.672341583844,2280.4690058606734,2018.5965940809672,2345.31777762971,2016.506008317492,2038.0388726480069
1951-11-01,2312.1714771124566,2103,2265.0929824561395,2295.1951779645187,2154.3844665883303,1945.350122515054,2177.018333923417,1930.246355068135,2074.832333104843
1951-12-01,2322.843881147379,1825,2026.5666666666664,2050.4169192036206,1962.3108318969248,1810.4738885365648,1976.582748276284,1795.9329446593542,1871.0676971275007
1952-01-01,2333.5162851823015,1670,1849.7802631578952,1792.212571783028,1678.4700768179173,1564.454436928192,1685.7228482072062,1559.959053579947,1694.8164199770724
1952-02-01,2344.188689217224,1681,1832.1486842105264,1895.871847107852,1777.5321332147407,1574.520393196577,1756.758123031069,1565.5045238231269,1693.6793604384052
1952-03-01,2354.861093252146,1713,1968.8328947368416,1929.6946048389136,1850.3998750951257,1586.8698042319584,1864.5623126056744,1577.610605328935,1751.9595020961021
1952-04-01,2365.5334972870683,1954,2076.8855263157893,2068.7497547581834,1917.844550419047,1792.493480824574,1931.5910790204307,1791.323155388765,1754.40984136373
1952-05-01,2376.2059013219905,1876,2139.7802631578943,2206.675897236734,2142.747460242369,2064.075781088534,2120.9860470070885,2062.655696079539,2033.6371451060656
1952-06-01,2386.878305356913,2272,2294.25394736842,2174.320966612091,2164.521861372796,2292.972049805392,2182.30932976463,2300.371902499721,2181.678616410434
1952-07-01,2397.5507093918354,2612,2684.46447368421,2838.964630262877,2697.227945267855,2496.1662001117747,2696.768064926847,2494.9431045959336,2409.772098088035
1952-08-01,2408.2231134267577,3590,3789.253947368421,3629.3826918683017,3227.45295112832,3402.3170645587597,3277.78084811354,3397.4392521567297,3687.8645212229912
1952-09-01,2418.8955174616804,2496,3039.46447368421,3175.5352287859373,2632.7730715696775,2527.949162726716,2555.8637728467875,2535.835031260269,2747.8809190221014
1952-10-01,2429.5679214966026,2441,2570.411842105262,2482.399521060076,2469.627504530172,2391.2745564996276,2500.440977501376,2397.4295235860454,2211.5535787780345
1952-11-01,2440.240325531525,2340,2390.8855263157884,2420.9223574407506,2248.7986827175996,2195.558485689039,2258.2171257154096,2200.9353951831363,2222.4539795045293
1952-12-01,2450.912729566447,2090,2152.359210526315,2176.1440986798525,2071.3938398440287,2020.759905111632,2065.673347317535,2030.6444107933655,2036.3593404022954
1953-01-01,2461.5851336013693,1812,1975.5728070175444,1917.93975125926,1900.051357691297,1841.8684165104205,1892.015916351396,1848.3213631385825,1897.6486101294506
1953-02-01,2472.257537636292,1788,1957.9412280701752,2021.599026584084,1814.678177576866,1852.2640728521565,1790.753426243556,1861.564969772821,1858.4184174492832
1953-03-01,2482.9299416712142,1837,2094.6254385964908,2055.421784315146,1881.380626540871,1915.4649992257189,1884.787669899963,1918.560450412112,1885.6871640199902
1953-04-01,2493.6023457061365,1993,2202.6780701754387,2194.4769342344152,2061.3920872056997,2021.0194374229975,2076.5151268518543,2017.036038451403,1942.3654133304806
1953-05-01,2504.274749741059,2021,2265.5728070175437,2332.4030767129652,2022.0977249289815,2065.683179986679,1993.4129122209445,2066.424490174251,2090.2617516922323
1953-06-01,2514.9471537759814,2199,2420.0464912280695,2300.048146088323,2318.305230890208,2381.239722657475,2320.5889831954955,2375.42749743838,2331.055973303836
1953-07-01,2525.6195578109036,2622,2810.2570175438595,2964.691809739109,2687.652847512507,2609.9441725559755,2698.56236591286,2601.9829990879243,2487.905878637941
1953-08-01,2536.291961845826,3787,3915.0464912280704,3755.1098713445335,3362.8467008175635,3529.7495547515437,3418.810585078942,3518.61607408236,3701.2766353634843
1953-09-01,2546.964365880748,2914,3165.2570175438595,3301.262408262169,2874.8177062421287,2554.2235968120904,2794.2274544552665,2542.049937918371,2804.6867268952315
1953-10-01,2557.636769915671,2487,2696.204385964911,2608.1267005363084,2793.2065817037874,2726.6867451614517,2809.496453466877,2723.7968572285845,2513.9662034625458
1953-11-01,2568.309173950593,2314,2516.678070175438,2546.6495369169825,2396.596983444684,2482.9406570020956,2428.3013777323386,2483.5588040821203,2374.4187607283825
1953-12-01,2578.9815779855153,2139,2278.1517543859645,2301.8712781560844,2143.6973290734886,2056.6408165307257,2165.6782393122426,2049.9058637891303,2114.5157910366966
1954-01-01,2589.653982020438,2124,2101.3653508771936,2043.6669307354912,1921.1451579836173,1891.643382800355,1924.854100016984,1888.157887922701,1949.4910021294345
1954-02-01,2600.32638605536,2214,2083.733771929825,2147.3262060603156,2033.859173890748,2047.092538308435,1989.033084454612,2046.0437886194327,2032.1309914524966
1954-03-01,2610.9987900902825,2234,2220.4179824561397,2181.148963791378,2194.055554652383,2188.9106921105576,2171.860436355831,2190.4453693555897,2156.7201946416058
1954-04-01,2621.6711941252047,2279,2328.4706140350877,2320.204113710647,2321.758694221089,2397.5923975792393,2327.3493049232848,2399.4902119548915,2267.6733658095127
1954-05-01,2632.343598160127,2423,2391.3653508771927,2458.130256189197,2294.2942204418587,2251.754149424397,2275.562872711394,2256.2199964355423,2360.697240056434
1954-06-01,2643.0160021950496,2290,2545.839035087719,2425.775325564555,2446.466917676921,2605.205970226212,2426.0152718338163,2613.814776279698,2641.6409663162917
1954-07-01,2653.688406229972,2903,2936.049561403508,3090.418989215341,2780.1167036391876,2862.1593079036884,2793.1782627172697,2876.042234657767,2732.0888383273355
1954-08-01,2664.360810264894,4485,4040.83903508772,3880.8370508207654,3713.63706469968,3981.396229431487,3753.033906448789,3981.3677790469465,3986.470681305352
1954-09-01,2675.033214299817,3085,3291.049561403508,3426.989587738401,3551.279427111564,3287.061570222675,3449.186445409864,3283.7262789031884,3298.451216875631
1954-10-01,2685.7056183347386,2852,2821.9969298245605,2733.85388001254,2768.049019614535,2942.9117598776284,2805.508635180941,2953.137730864766,2796.981948648221
1954-11-01,2696.3780223696613,2629,2642.4706140350872,2672.3767163932143,2575.901862028376,2725.3903657133014,2582.6062445261277,2730.062499902977,2704.8835031509534
1954-12-01,2707.0504264045835,2435,2403.9442982456135,2427.598457632316,2426.0890932586312,2468.0376094190797,2443.2606215894066,2463.5155792642736,2447.551612804866
1955-01-01,2717.7228304395057,2227,2227.1578947368425,2169.3941102117233,2337.8073373643997,2317.528387179341,2348.106213655402,2320.030470538737,2304.9767929497602
1955-02-01,2728.3952344744284,1944,2209.5263157894738,2273.0533855365475,2306.6391970258833,2340.9693424101124,2274.722659609843,2332.6512042311733,2291.326710826445
1955-03-01,2739.06763850935,2125,2346.210526315789,2306.876143267609,2131.1371988782143,2142.592934682514,2171.732619783736,2128.583764814757,2178.8222281143517
1955-04-01,2749.740042544273,2260,2454.2631578947367,2445.931293186879,2333.453844246293,2276.4975961192904,2362.687408600362,2259.6542281709353,2265.575431339786
1955-05-01,2760.412446579195,2299,2517.1578947368416,2583.857435665429,2457.360914838755,2357.0249417504983,2455.160764180034,2328.7544197216957,2380.662310763396
1955-06-01,2771.0848506141174,2323,2671.6315789473674,2551.5025050407867,2255.772491292391,2347.4866481199406,2248.4190706873273,2338.216970267511,2508.2834791086184
1955-07-01,2781.75725464904,2659,3061.8421052631575,3216.1461686915727,3057.0069697439367,2907.7742384582943,3070.898858751853,2888.242415346376,2771.8475903001954
1955-08-01,2792.4296586839623,3761,4166.631578947368,4006.5642302969977,3952.9517945851912,4038.965598575899,4060.2040995682546,4013.034015966705,3980.7064328361967
1955-09-01,2803.102062718885,2779,3416.8421052631575,3552.716767214633,2926.594567021202,2743.660015664742,2893.095116743153,2737.9293770178765,2861.658478038201
1955-10-01,2813.7744667538072,2761,2947.78947368421,2859.5810594887716,2761.296413847999,2463.58547505373,2813.384146859032,2439.508303268316,2516.048047705276
1955-11-01,2824.446870788729,2446,2768.263157894736,2798.103895869446,2615.7364061953026,2441.98325304631,2638.0382672623596,2418.5122629240996,2491.9180391943905
1955-12-01,2835.1192748236517,2278,2529.736842105263,2553.325637108548,2414.956504511109,2272.578167906351,2455.182027971931,2259.7115618431008,2237.9949953204386
1956-01-01,2845.791678858574,1879,2352.950438596492,2295.121289687955,2159.901422344608,2063.447005838523,2185.90659303652,2047.3585974716789,2099.737509232307
1956-02-01,2856.464082893496,1881,2335.318859649123,2398.7805650127793,1838.942179656988,1821.3105596980467,1832.959179025691,1823.5663250327057,1943.0219418928841
1956-03-01,2867.136486928419,2165,2472.0030701754386,2432.603322743841,2121.466031153777,1944.7964647125273,2142.233066885028,1946.7296283380083,2008.5824133654505
1956-04-01,2877.808890963341,2199,2580.055701754386,2571.6584726631104,2362.320557147892,2142.3483179261366,2371.145188885045,2142.0822547437856,2184.8903263469815
1956-05-01,2888.4812949982634,2308,2642.950438596491,2709.584615141661,2339.881055311263,2292.6481602948625,2338.3484616383394,2297.0984568909444,2271.722105968899
1956-06-01,2899.153699033186,2529,2797.424122807017,2677.2296845170185,2351.6379624937435,2228.112918046336,2346.374261195823,2227.4041298393786,2417.90396922946
1956-07-01,2909.826103068108,2573,3187.634649122807,3341.8733481678046,2924.051755757391,2774.352124124238,2921.4162351480713,2776.2908389001914,2809.3553831160316
1956-08-01,2920.4985071030305,3946,4292.424122807018,4132.291409773228,3450.9058252744035,4060.843442770123,3533.878782610271,4091.393442858093,3899.408389736847
1956-09-01,2931.1709111379528,3200,3542.634649122807,3678.443946690865,3126.4208185971106,2806.723760822857,3043.456715904058,2818.3313351074594,2923.3641548528844
1956-10-01,2941.843315172875,2574,3073.582017543859,2985.3082389650035,3088.5805052094956,2876.90077444511,3109.104564740224,2883.955204287655,2797.4956768565335
1956-11-01,2952.5157192077977,2422,2894.055701754385,2923.831075345678,2412.610973797925,2486.648537249114,2456.7582766984565,2499.862341163541,2478.8098476166556
1956-12-01,2963.1881232427195,2446,2655.529385964912,2679.05281658478,2310.858548924198,2227.8933668734135,2335.394367797466,2228.786170719275,2264.6014175154564
1957-01-01,2973.860527277642,2828,2478.742982456142,2420.848469164187,2083.64034248944,2091.8702211722702,2080.948788758729,2089.3033423414354,2144.9145895566494
1957-02-01,2984.5329313125644,2879,2461.111403508772,2524.507744489011,2557.4989049493743,2407.0695358481316,2468.026491651943,2430.7424782083335,2418.253397743866
1957-03-01,2995.2053353474867,2800,2597.795614035087,2558.3305022200734,2832.528989135142,2905.136984827648,2787.451054995668,2933.1762218578715,2700.109475263325
1957-04-01,3005.8777393824093,2835,2705.848245614035,2697.3856521393423,2698.7484574085743,2853.957148452495,2702.202648504095,2877.6555340377545,2778.062817969907
1957-05-01,3016.5501434173316,2585,2768.74298245614,2835.3117946178927,2811.7648683958964,2897.5513764678635,2793.515007918526,2922.4891047455867,2884.4562774291776
1957-06-01,3027.222547452254,2787,2923.2166666666662,2802.9568639932504,2639.8897699102854,2817.877905297498,2652.9845754142925,2834.4609989752435,2887.0282312281956
1957-07-01,3037.8949514871765,3334,3313.427192982456,3467.6005276440364,2897.5970944063074,3066.490056054574,2870.7644508010485,3094.0559791756195,3138.226140595647
1957-08-01,3048.5673555220983,4746,4418.216666666667,4258.018589249461,4172.192771176893,4598.273226424708,4187.46969803434,4597.408965550067,4492.897991921143
1957-09-01,3059.239759557021,3613,3668.4271929824554,3804.1711261670966,3870.0974182127225,3770.81687168409,3778.762407400353,3764.914993498935,3643.347871165493
1957-10-01,3069.912163591943,3463,3199.374561403508,3111.0354184412354,3059.947689357055,3358.173752999256,3067.226356668675,3369.991037398915,3264.0932192254822
1957-11-01,3080.5845676268655,3274,3019.8482456140346,3049.55825482191,3026.6459709188653,3140.2279558658556,3013.198790545615,3142.6696796690867,3176.957059361593
1957-12-01,3091.256971661788,2801,2781.3219298245613,2804.7799960610114,3070.4767216770133,3198.6634411760806,3064.1285436002327,3212.9971809019016,3054.9481595897914
1958-01-01,3101.9293756967104,2488,2604.53552631579,2546.5756486404193,3001.2766303145404,3015.647233898225,3034.639234028791,3025.3906561314225,2845.773104333258
1958-02-01,3112.6017797316326,2386,2586.903947368421,2650.234923965243,2672.339558188503,2715.9089328706305,2685.8374922986936,2700.9028640110937,2678.840231384861
1958-03-01,3123.2741837665553,2428,2723.5881578947365,2684.057681696305,2591.3366197606306,2707.301458926191,2640.490032914045,2693.211676164443,2651.5089882347597
1958-04-01,3133.946587801477,2678,2831.640789473684,2823.112831615574,2673.0900166360343,2657.630920441684,2726.452996086701,2622.615769802369,2645.8549449462485
1958-05-01,3144.6189918364,2744,2894.535526315789,2961.038974094125,2636.7403594681628,2613.6900481751854,2618.980274188213,2572.051612644974,2702.637885537473
1958-06-01,3155.291395871322,2772,3049.009210526315,2928.6840434694823,2890.970488903953,2952.8271286167073,2889.6449930767435,2915.8812653380455,2887.1832933640403
1958-07-01,3165.9637999062443,3520,3439.219736842105,3593.3277071202683,3450.676838302106,3085.3079625306946,3475.8835095189575,3056.5063919925233,3165.4230887983144
1958-08-01,3176.636203941167,3833,4544.009210526317,4383.745768725692,4538.560869836407,4557.493740505441,4582.069442136403,4541.6656377907475,4629.333006508649
1958-09-01,3187.3086079760888,3377,3794.219736842105,3929.898305643329,3293.60291278953,3274.4537088830184,3311.285680498046,3283.342696135658,3226.7014042279134
1958-10-01,3197.981012011011,3013,3325.1671052631573,3236.7625979174672,3384.5237239964536,2906.6835564745124,3430.355193482375,2900.3710142651908,3064.4529051935606
1958-11-01,3208.6534160459337,2871,3145.640789473684,3175.285434298142,3029.717792889031,2852.617668510902,3094.8292250633167,2821.754607915571,2855.270807206628
1958-12-01,3219.325820080856,2592,2907.1144736842098,2930.5071755372433,2652.508626619417,2579.71740776787,2699.62299221954,2560.596693946314,2642.634310866983
1959-01-01,3229.9982241157786,2375,2730.3280701754393,2672.3028281166507,2449.5123630382463,2609.4389480750306,2467.351836752673,2605.630827285495,2486.868383141304
1959-02-01,3240.670628150701,2304,2712.69649122807,2775.962103441475,2377.0020133026155,2358.9496750089147,2381.304550364023,2346.3348429080934,2401.7125387606825
1959-03-01,3251.343032185623,2464,2849.380701754386,2809.7848611725367,2465.7020066471136,2262.9825896095645,2486.730785525924,2274.3030852557404,2435.255935182575
1959-04-01,3262.015436220546,2557,2957.4333333333334,2948.840011091806,2757.5800905113483,2511.748669102959,2777.969623403068,2524.390870488858,2569.7077735344924
1959-05-01,3272.6878402554676,2739,3020.3280701754384,3086.7661535703564,2708.0250727005764,2421.8264626730215,2718.1159785565687,2435.0983527508024,2591.2094018760104
1959-06-01,3283.3602442903903,2714,3174.801754385964,3054.411222945714,2869.289212980991,2771.0584830533007,2864.3357178971346,2780.957793759795,2795.2384656765958
1959-07-01,3294.0326483253125,3102,3565.012280701754,3719.0548865965,3439.270100269266,3294.38921096169,3489.797059157877,3299.0208613959057,3173.91847957797
1959-08-01,3304.7050523602347,3961,4669.801754385965,4509.472948201925,3521.832195757994,4096.696249395776,3573.988404335147,4118.314564517532,4209.834032181872
1959-09-01,3315.3774563951574,3772,3920.012280701754,4055.62548511956,3564.6448215834407,3243.8098446354616,3534.314123391791,3249.1697364717984,3225.664371577499
1959-10-01,3326.0498604300797,3245,3450.9596491228067,3362.489777393699,3394.9641068330197,3226.7241118635084,3386.592528297898,3234.784701421232,3195.2039638515444
1959-11-01,3336.722264465002,3104,3271.4333333333325,3301.0126137743737,3072.955476366869,3136.503953173662,3101.8258128959483,3153.874973404384,3002.500216899434
1959-12-01,3347.3946684999246,2869,3032.907017543859,3056.234355013475,2822.1160959742583,2693.5769136677955,2839.952916050455,2703.026041220915,2802.7709685327272
1960-01-01,3358.0670725348464,2513,2856.1206140350887,2798.0300075928826,2622.391611309955,2496.7203729793346,2633.0239083341785,2504.1226009453057,2673.104637191103
1960-02-01,3368.739476569769,2385,2838.4890350877195,2901.689282917707,2458.1090948678193,2474.9297271366595,2452.547894070339,2491.7344441707355,2545.506935583786
1960-03-01,3379.4118806046913,2756,2975.173245614035,2935.512040648769,2545.967649335679,2536.353133182487,2556.1142435166794,2539.8858359506103,2571.96147764238
1960-04-01,3390.0842846396135,2927,3083.225877192983,3074.567190568038,2836.942376009337,2860.1896413747427,2835.4487055390796,2861.048645081788,2781.9076108688673
1960-05-01,3400.756688674536,2940,3146.120614035088,3212.4933330465883,3029.952327351374,3068.0907629429967,3020.1083485130057,3069.76021504615,2900.8125479578785
1960-06-01,3411.429092709458,3180,3300.5942982456136,3180.138402421946,2910.9474629667225,2925.4689977962535,2898.241832881394,2927.5159733674773,3001.8634525521697
1960-07-01,3422.1014967443807,3791,3690.804824561403,3844.782066072732,3457.8096004203285,3659.8518246975273,3451.524727622935,3667.88101010485,3501.0231693492233
1960-08-01,3432.773900779303,4093,4795.5942982456145,4635.200127678156,4287.635702233006,4369.986949818151,4288.054296995833,4381.30875375933,4640.8776100927835
1960-09-01,3443.446304814225,4309,4045.804824561403,4181.352664595792,3897.549291505374,3852.532619190846,3893.447502460884,3859.809310846934,3635.306355024301
1960-10-01,3454.118708849148,3532,3576.752192982455,3488.216956869931,3723.331674278752,3658.159265917132,3687.038385410097,3660.329904786293,3636.6921378387183
1960-11-01,3464.79111288407,3408,3397.225877192982,3426.7397932506055,3366.199995250684,3519.8667358157936,3409.9956242409808,3522.918324363656,3370.2408369602995
1960-12-01,3475.4635169189924,2839,3158.6995614035086,3181.961534489707,3115.1495048263337,3169.9706993263353,3135.6397825461513,3173.7361504161545,3152.615725555858
1961-01-01,3486.135920953915,2792,2981.9131578947377,2923.7571870691145,2587.8667903197475,2723.2670553641456,2611.2458304684737,2719.967634075603,2803.396746607123
1961-02-01,3496.808324988837,2798,2964.281578947369,3027.4164623939387,2645.4000781438235,2658.561616784177,2631.8724604407134,2645.741545183817,2761.2596128361074
1961-03-01,3507.4807290237595,3007,3100.965789473684,3061.2392201250004,3046.853798109658,3067.374063412336,3039.0582587148706,3060.11073905776,2937.832183344228
1961-04-01,3518.1531330586818,3086,3209.018421052632,3200.2943700442697,3143.776752109347,3119.961552508722,3148.014412187057,3111.658362795715,3089.6739272507093
1961-05-01,3528.825537093604,3201,3271.9131578947367,3338.22051252282,3136.9572169530925,3206.9284323851753,3135.490155285099,3207.7009074054913,3133.4434227123543
1961-06-01,3539.4979411285267,3428,3426.386842105263,3305.865581898178,3414.223087297985,3341.1050136827334,3411.19405813612,3330.3997401552024,3294.2796232263336
1961-07-01,3550.170345163449,3754,3816.597368421053,3970.509245548964,3889.819510657146,3821.3504618258376,3907.8987479779,3814.5253386505465,3815.4122601645236
1961-08-01,3560.842749198371,4917,4921.386842105264,4760.9273071543885,4104.142621203005,4432.251998404896,4118.718893597015,4428.778306059305,4629.762704680869
1961-09-01,3571.515153233294,3760,4171.597368421052,4307.079844072025,4758.546533648255,4696.851113640492,4692.614108189936,4701.752510801616,4263.311752039898
1961-10-01,3582.1875572682156,3609,3702.5447368421046,3613.944136346163,3427.2099697080803,3538.887514253568,3490.3169631179117,3548.5603132025417,3544.734021179884
1961-11-01,3592.8599613031383,3471,3523.0184210526313,3552.4669727268374,3445.4553599503324,3329.0632303282155,3487.290751940118,3321.705688143109,3458.1931193410637
1961-12-01,3603.532365338061,3347,3284.492105263158,3307.688713965939,3047.094531898244,3106.1618820762087,3059.18483868703,3096.4270307856486,3153.5154489864176
1962-01-01,3614.204769372983,3333,3107.7057017543866,3049.4843665453463,3146.6137252612234,3041.8876847989286,3144.153140101925,3045.3484992893136,3081.3543126628756
1962-02-01,3624.8771734079055,3456,3090.0741228070183,3153.1436418701705,3215.1381350451156,3157.8059292859953,3167.0944698083977,3158.1014143103,3136.623533280316
1962-03-01,3635.5495774428273,3569,3226.758333333333,3186.9663996012323,3473.875022788763,3508.9694468199123,3461.0216065657064,3509.1419591496087,3430.2749507512276
1962-04-01,3646.22198147775,3900,3334.8109649122807,3326.021549520501,3537.251464970136,3671.23792239352,3537.4441892289137,3705.507444368035,3576.442219017788
1962-05-01,3656.8943855126727,3909,3397.7057017543857,3463.9476919990516,3796.557150082014,3822.9446085669542,3740.536988973908,3855.605751151241,3779.1987257812225
1962-06-01,3667.5667895475945,4098,3552.1793859649115,3431.5927613744097,3855.233414607492,4067.8272948959298,3829.392340749805,4112.485031116287,3961.8352607318593
1962-07-01,3678.239193582517,4826,3942.3899122807015,4096.236425025196,4313.297420795976,4693.263911084071,4283.25239485877,4713.999319991082,4442.7270664699
1962-08-01,3688.911597617439,5770,5047.179385964912,4886.654486630619,5324.4411012985465,5366.609942883282,5274.604526315939,5398.539882797166,5535.963137710455
1962-09-01,3699.5840016523616,5108,4297.3899122807015,4432.8070235482555,4576.174050060253,5154.450021952176,4456.204099135903,5189.31889637966,4958.237508096955
1962-10-01,3710.256405687284,4360,3828.337280701754,3739.6713158223943,4565.822445154728,4721.733864279409,4507.447585439591,4754.9058706712785,4617.073763191493
1962-11-01,3720.928809722206,4100,3648.8109649122807,3678.1941522030697,4004.278088299477,4350.547876672563,4014.0960028981326,4371.489464412542,4325.70219418335
1962-12-01,3731.601213757129,3562,3410.2846491228065,3433.4158934421707,3805.515895155606,3874.633435680257,3814.3476892033177,3885.663082778368,3968.660467059928
1963-01-01,3742.273617792051,3284,3233.498245614036,3175.211546021578,3518.007572360204,3743.420805368858,3533.3665440985033,3740.783663169339,3668.766442774048
1963-02-01,3752.9460218269737,3278,3215.866666666667,3278.8708213464024,3435.5503828594115,3596.469915140806,3430.000129432282,3579.4353703482866,3515.789787615759
1963-03-01,3763.618425861896,3424,3352.550877192982,3312.693579077464,3553.3543204032353,3698.88748475423,3565.8428268833027,3678.42920231856,3596.4661207467916
1963-04-01,3774.2908298968177,3843,3460.60350877193,3451.7487289967335,3862.0213486232888,3788.8564572694418,3893.1068911246175,3734.6796155368575,3702.8059141072868
1963-05-01,3784.963233931741,3614,3523.498245614035,3589.674871475284,3969.648974894557,3874.866653108443,3941.2270669494737,3833.329808508468,3841.7935903948546
1963-06-01,3795.635637966663,3536,3677.971929824561,3557.3199408506416,3964.918279553213,3987.5054007648,3978.7950206512705,3943.8815893937954,3884.7615618872865
1963-07-01,3806.308042001585,4505,4068.182456140351,4221.963604501428,4470.127473429935,4170.540755705464,4526.286524547265,4130.614343731959,4236.590464374422
1963-08-01,3816.980446036507,5456,5172.971929824562,5012.381666106852,5386.636791604265,5438.841554397917,5380.408874330153,5396.159547628435,5326.711737427385
1963-09-01,3827.6528500714303,4881,4423.182456140351,4558.534203024488,5023.612452955987,4534.1230016725785,4966.658442819319,4498.761307980732,4714.9334015012355
1963-10-01,3838.325254106352,4041,3954.129824561403,3865.3984952986266,4419.836997974988,4224.892197721685,4420.963264649113,4197.352811542758,4311.466455663609
1963-11-01,3848.997658141275,3724,3774.6035087719297,3803.921331679301,3953.6314578484257,3900.4483555806783,4030.4297584239703,3881.3751150141015,3989.849334663971
1963-12-01,3859.670062176197,3525,3536.077192982456,3559.1430729184026,3442.50357629381,3341.9721077790655,3512.34270904111,3330.5218512313204,3554.064170051529
1964-01-01,3870.3424662111192,3437,3359.2907894736854,3300.93872549781,3340.7126309203554,3258.504439803579,3351.934458999898,3253.9628004843707,3403.4604654722384
1964-02-01,3881.014870246042,3324,3341.659210526316,3404.5980008226343,3403.2023834647816,3389.293976885231,3370.934971378754,3391.8888885264314,3417.964323495501
1964-03-01,3891.687274280964,3977,3478.3434210526316,3438.420758553696,3557.771873292124,3465.3293052080717,3565.4674301513096,3475.2906572910833,3523.944109669674
1964-04-01,3902.3596783158864,4025,3586.396052631579,3577.475908472966,4223.693983236176,4055.996800949575,4209.379378727011,4073.6521536477258,3966.634803292296
1964-05-01,3913.032082350808,4016,3649.290789473685,3715.402050951516,3854.2347298811583,3891.072855744736,3832.0096675944505,3915.3430910508214,3945.9841168617945
1964-06-01,3923.704486385731,4031,3803.7644736842103,3683.0471203268735,3897.1138833844143,4003.4331578820543,3857.0224950331426,4033.665743875903,4074.1913301065083
1964-07-01,3934.3768904206536,4489,4193.975,4347.6907839776595,4774.064526668465,4889.017150948133,4767.35733119033,4908.088940015026,4651.581303971752
1964-08-01,3945.0492944555754,5563,5298.764473684211,5138.108845583083,5273.721791249682,5610.526096567959,5285.347041444377,5632.184421132359,5511.342975592532
1964-09-01,3955.721698490498,5709,4548.975,4684.261382500719,5038.674733271941,4993.839208255449,4956.105303730762,5001.423373541886,4912.965007606025
1964-10-01,3966.3941025254207,4620,4079.922368421052,3991.1256747748585,4781.130654790936,4611.948816204971,4682.324751494243,4614.073533626233,4736.3984985027955
1964-11-01,3977.0665065603425,4160,3900.396052631578,3929.648511155533,4206.143532303659,4419.473631015171,4225.5963513076085,4445.716846263516,4403.987978552468
1964-12-01,3987.738910595265,4012,3661.869736842106,3684.8702523946345,3885.5184350456584,3886.592226805537,3909.67264416696,3904.237517609602,3986.506925191728
1965-01-01,3998.411314630187,3987,3485.083333333334,3426.665904974042,3761.131969658838,3701.173794999824,3757.991945094152,3701.649357763413,3873.365086433853
1965-02-01,4009.0837186651097,4155,3467.4517543859656,3530.325180298866,3783.262620911807,3895.155507517573,3720.239552995456,3910.918312856431,3842.6274520842617
1965-03-01,4019.756122700032,4054,3604.135964912281,3564.147938029928,4456.702055212215,4460.723871879491,4388.131631777577,4477.257162134217,4108.599235657181
1965-04-01,4030.428526734954,4485,3712.188596491228,3703.2030879491977,4187.84170987879,4488.057238938567,4197.952504390784,4497.558015382592,4289.472550929304
1965-05-01,4041.100930769877,4558,3775.083333333333,3841.129230427747,4411.944702813867,4394.346898340462,4370.516166003492,4390.559198479041,4279.140766835452
1965-06-01,4051.7733348048,4462,3929.55701754386,3808.774299803106,4449.691671669748,4428.269716313418,4381.797781213964,4414.300459574075,4364.626073128529
1965-07-01,4062.445738839722,4594,4319.767543859649,4473.417963453891,4784.310609661508,5159.303705223094,4741.764411298341,5172.652117362726,4936.904053018764
1965-08-01,4073.118142874644,6481,5424.55701754386,5263.836025059316,5512.127737057886,5971.379865484803,5489.784108450998,5969.570301466236,5903.039813800505
1965-09-01,4083.790546909566,6345,4674.767543859649,4809.988561976952,6223.0903895936835,5942.584694352912,6021.37655681438,5957.231641867362,5443.1882650996795
1965-10-01,4094.462950944489,5142,4205.714912280701,4116.85285425109,5302.305859422988,5245.124647457478,5174.995484496599,5253.602038197238,4769.138673652305
1965-11-01,4105.135354979411,4824,4026.188596491228,4055.375690631765,4618.708448723107,4800.60449984801,4603.361258130683,4808.1935279023055,4503.736020434152
1965-12-01,4115.807759014333,4573,3787.662280701754,3810.5974318708663,4491.926968162254,4601.677349065787,4488.469687000716,4606.6152317197175,4237.88492416062
1966-01-01,4126.480163049256,4158,3610.8758771929834,3552.3930844502743,4411.025189276587,4564.1271986065585,4400.132477522078,4567.585719572087,4093.551320138551
1966-02-01,4137.1525670841775,4140,3593.244298245614,3656.052359775098,4228.147373899201,4314.902644845188,4181.633221539717,4318.305240482625,4061.881495496239
1966-03-01,4147.8249711191,4251,3729.92850877193,3689.87511750616,4156.023495790549,4516.756323819856,4098.443041821462,4509.807320360498,4327.700791625146
1966-04-01,4158.497375154023,4734,3837.9811403508775,3828.9302674254295,4661.838487665877,4689.039323689931,4660.8120267647255,4678.354596283505,4508.549163041102
1966-05-01,4169.169779188945,4858,3900.8758771929824,3966.856409903979,4835.545944461236,4737.319601646201,4763.313124120244,4720.398719482653,4498.213298637789
1966-06-01,4179.842183223867,4798,4055.349561403508,3934.501479279337,4686.206761029057,4728.008763301079,4589.239761856089,4709.867898380126,4583.697937474913
1966-07-01,4190.51458725879,5080,4445.560087719298,4599.145142930123,4988.626195048791,5127.123344642403,4914.557197844496,5115.628535262433,5155.975808182878
1966-08-01,4201.186991293712,6905,5550.349561403509,5389.563204535547,6502.045501772576,6526.318903698091,6395.666088780644,6524.1504503974065,6122.11155110461
1966-09-01,4211.8593953286345,5504,4800.560087719298,4935.715741453183,6576.078479955687,6673.2772118921675,6331.447550765183,6670.999815620689,5662.2599994822485
1966-10-01,4222.531799363556,5457,4331.507456140351,4242.580033727322,4906.470965350509,4949.217420705092,4907.6782890976465,4970.476950241908,4988.2104075569705
1966-11-01,4233.204203398479,5198,4151.981140350877,4181.102870107997,5082.0386548048855,4777.102185386804,5036.760365893606,4763.133564623566,4722.807754260642
1966-12-01,4243.876607433402,4890,3913.4548245614033,3936.324611347098,4903.472283017345,4907.60242833056,4884.326775720868,4887.11879435284,4456.956657974322
